Empresa,Pais,Sitio_Web,Tipo_Institucion,Bloque_Nicho,Nombre_Contacto,Cargo,Email,Telefono,LinkedIn,Fuente,Confianza,Notas
Universidad de Asturias (Uniasturias),Colombia,asturias.edu.co,Institución universitaria virtual,A - Educación virtual y a distancia,,,info@uniasturias.edu.co,+57 1 7956999,,https://uniasturias.edu.co/,Email institucional,No se halló nombre público de responsable de admisiones/mercadeo; email institucional general.
Fundación Universitaria María Cano,Colombia,fumc.edu.co,Institución universitaria a distancia,A - Educación virtual y a distancia,,,promocion@fumc.edu.co,,,https://www.fumc.edu.co/contactenos/,Email institucional,Correo de promoción/admisiones publicado en sitio institucional; no se confirmó nombre de directivo.
Fundación Universitaria San Mateo,Colombia,sanmateo.edu.co,Institución universitaria,A - Educación virtual y a distancia,,,coordinacion.admisiones@sanmateo.edu.co,,,https://www.sanmateo.edu.co/docs/Directorio_presencial.pdf,Email institucional,Directorio institucional menciona cargo de Coordinadora de Admisiones pero sin nombre confirmado.
Politécnico de Colombia,Colombia,politecnicodecolombia.edu.co,Formación técnica virtual,A - Educación virtual y a distancia,,,admisiones@politecnicodecolombia.edu.co,,,https://politecnicodecolombia.edu.co/,Email institucional,Sin nombre público de directivo de admisiones/mercadeo.
Politécnico Superior de Colombia,Colombia,politecnicosuperior.edu.co,Formación técnica virtual,A - Educación virtual y a distancia,,,admisiones@politecnicosuperior.edu.co,+57 (604) 322 5109,,https://politecnicosuperior.edu.co/,Email institucional,Sin nombre público de directivo de admisiones/mercadeo.
Politécnico Internacional,Colombia,politecnicointernacional.edu.co,Institución de educación superior,A - Educación virtual y a distancia,,,info_admisiones@pi.edu.co,60-1-9145494,,https://politecnicointernacional.edu.co/aspirantes/,Email institucional,Sin nombre público de directivo; email de admisiones usa dominio alterno pi.edu.co.
UNIR Colombia,Colombia,unir.net,Universidad online,A - Educación virtual y a distancia,,,infocolombia@unir.net,+57 601 705 6500,,https://colombia.unir.net/,Email institucional,"Se hallaron vacantes para ""Director Desarrollo Negocio Institucional"" en Grupo PROEDUCA pero no titular actual confirmado; se usa correo institucional general."
Fundación Universitaria Compensar,Colombia,ucompensar.edu.co,Institución universitaria,A - Educación virtual y a distancia,,,aspirantes@ucompensar.edu.co,(601) 3380666,,https://ucompensar.edu.co/inscripciones/,Email institucional,No se confirmó nombre vigente de Director de Mercadeo/Admisiones; Margarita Áñez aparece asociada a mercadeo en el pasado pero su rol actual es distinto.
Fundación Universitaria Cafam (Unicafam),Colombia,unicafam.edu.co,Institución universitaria,A - Educación virtual y a distancia,,,admisiones@unicafam.edu.co,,,https://unicafam.edu.co/index.php/aspirantes/admisiones-pregrado/,Email institucional,Sin nombre público de directivo de admisiones/mercadeo.
Corporación Universitaria Americana,Colombia,americana.edu.co,Universidad privada,A - Educación virtual y a distancia,Milena Villarreal Maldonado,Directora de Mercadeo,,,,https://americanabaq.edu.co/wp-content/uploads/2024/08/Directorio-Institucional-2024.pdf,Contacto nombrado,Nombre y cargo tomados del Directorio Institucional 2024 (PDF público de la sede Barranquilla); no se localizó email individual ni LinkedIn públicos.
Fundación Universitaria Autónoma de las Américas,Colombia,uam.edu.co,Universidad privada (ahora Institución Universitaria Visión de las Américas),A - Educación virtual y a distancia,Juliana Arango,Directora de Comunicaciones y Mercadeo,,+57 4 4114848 ext. 1290-1292,,https://rocketreach.co/institucion-universitaria-vision-de-las-americas-marketing-department_b6a5f478c87e9c01,Contacto nombrado,"La institución opera actualmente bajo el nombre ""Institución Universitaria Visión de las Américas"" (mismo dominio uam.edu.co); no se confirmó email directo ni LinkedIn."
Universidad ECCI,Colombia,ecci.edu.co,Universidad privada,B - Universidad privada presencial,Diana Mireya Almanza Aguilar,Directora Comercial,,,,Búsqueda web (perfil profesional asociado a Universidad ECCI),Contacto nombrado,No se pudo confirmar URL directa de LinkedIn ni email; verificar antes de outreach.
Universidad Cooperativa de Colombia,Colombia,ucc.edu.co,Universidad privada multicampus,B - Universidad privada presencial,,,,018000420101,,https://ucc.edu.co/aspirante,Sin contacto público,Institución multicampus sin director nacional de admisiones/mercadeo identificado públicamente; solo línea nacional gratuita y contactos de admisiones por sede (ej. Apartadó).
Universidad Central,Colombia,ucentral.edu.co,Universidad privada,B - Universidad privada presencial,,,admision@ucentral.edu.co,,,https://www.ucentral.edu.co/admisiones/admisiones,Email institucional,"Vacante activa de ""Director(a) de Mercadeo y Admisiones"" hallada en LinkedIn pero sin titular confirmado."
Universidad EAN,Colombia,universidadean.edu.co,Universidad privada y escuela de negocios,B - Universidad privada presencial,Jhon Morales Grajales,Coordinador de Mercadeo,,,,Búsqueda web (LinkedIn - perfil asociado a Universidad EAN),Contacto nombrado,"Cargo de coordinación, no de dirección; no se confirmó URL directa de LinkedIn."
Universidad Católica de Colombia,Colombia,ucatolica.edu.co,Universidad privada,B - Universidad privada presencial,,,admisiones@ucatolica.edu.co,(601) 4433700 ext. 1402/1403,,https://www.ucatolica.edu.co/portal/admisiones/,Email institucional,Paola Andrea Vega Pérez aparece en mercadeo/comunicación pero sin cargo directivo confirmado.
Universidad Católica Luis Amigó,Colombia,funlam.edu.co,Universidad privada,B - Universidad privada presencial,Gladis Elena Gallo Gómez,Jefe de Admisiones y Registro Académico,,4487666,,https://www.funlam.edu.co/modules/xdirectory/viewcat.php?cid=40,Contacto nombrado,Nombre y cargo tomados del directorio institucional público; email/LinkedIn no confirmados (mercadeo@amigo.edu.co disponible como alterno institucional).
Universidad de San Buenaventura,Colombia,usb.edu.co,Universidad privada multicampus,B - Universidad privada presencial,Natalia Chanagá Sierra,Directora de Comunicaciones y Mercadeo (sede Bogotá),,,,https://rocketreach.co/universidad-de-san-buenaventura-bogota-profile_b44717cbfaeadabf,Contacto nombrado,Cargo corresponde a la sede Bogotá; sede Medellín publicó vacante de Director(a) de Mercadeo y Alianzas Estratégicas sin titular confirmado.
Universidad Antonio Nariño,Colombia,uan.edu.co,Universidad privada multicampus,B - Universidad privada presencial,Javier Mauricio Melo,Director Nacional de Admisiones,,,,https://rocketreach.co/javier-mauricio-melo-email_152028797,Contacto nombrado,Nombre y cargo hallados en RocketReach; email directo no verificado públicamente.
Universidad La Gran Colombia,Colombia,ugc.edu.co,Universidad privada,B - Universidad privada presencial,,,admisiones@ugc.edu.co,3124229515,,https://www.ugc.edu.co/bogota/admisiones,Email institucional,"Directorio institucional agrupa ""Admisiones Mercadeo y Comunicaciones"" pero sin nombre de titular confirmado."
Universidad Libre,Colombia,unilibre.edu.co,Universidad privada multicampus,B - Universidad privada presencial,Diana Coll,Director Nacional de Marketing (sede Cartagena),,,,https://www.zoominfo.com/p/Diana-Coll/2850207857,Contacto nombrado,Rol identificado para la sede Cartagena; no se confirmó si el rol es a nivel nacional único ni email/LinkedIn directos.
Universidad Piloto de Colombia,Colombia,unipiloto.edu.co,Universidad privada,B - Universidad privada presencial,,,admisiones@unipiloto.edu.co,310 383 1353,,https://www.unipiloto.edu.co/admisiones/aspirantes/,Email institucional,Sin nombre público de directivo de admisiones/mercadeo.
Universidad de América,Colombia,uamerica.edu.co,Universidad privada,B - Universidad privada presencial,Diana Pineda Muñoz,Directora Oficina de Mercadeo y Admisiones,,(601) 3376680 ext. 2080-2083,,https://www.uamerica.edu.co/admisiones/admisiones-contacto/,Contacto nombrado,Nombre y cargo publicados en la página oficial de contacto de admisiones; email directo y LinkedIn no confirmados (pregrados@uamerica.edu.co disponible como alterno institucional).
Fundación Universitaria Los Libertadores,Colombia,ulibertadores.edu.co,Institución universitaria,B - Universidad privada presencial,,,admisiones@libertadores.edu.co,,,https://www.ulibertadores.edu.co/admision/,Email institucional,Existe Gerencia Comercial y de Mercadeo pero sin nombre de titular confirmado públicamente.
Fundación Universitaria Konrad Lorenz,Colombia,konradlorenz.edu.co,Institución universitaria,B - Universidad privada presencial,,,admisiones@konradlorenz.edu.co,+57 601 347 2311,,https://www.konradlorenz.edu.co/admisiones/,Email institucional,Sin nombre público de directivo de admisiones/mercadeo.
Universidad El Bosque,Colombia,unbosque.edu.co,Universidad privada,B - Universidad privada presencial,,,gestionadmisiones@unbosque.edu.co,(601) 648 9000 ext. 1170,,https://www.unbosque.edu.co/contact,Email institucional,Sin nombre público de directivo de admisiones/mercadeo.
Universidad Sergio Arboleda,Colombia,usergioarboleda.edu.co,Universidad privada,B - Universidad privada presencial,,,coordinacion.admisiones@usa.edu.co,(1) 325 8181,,https://www.usergioarboleda.edu.co/admisiones,Email institucional,"Existe ""Departamento de Mercadeo y Admisiones"" pero sin nombre de titular confirmado."
Universidad Agustiniana,Colombia,uniagustiniana.edu.co,Universidad privada,B - Universidad privada presencial,,,mercadeo@uniagustiniana.edu.co,(601) 4193200 ext. 1021,,https://www.uniagustiniana.edu.co/directorio-institucional/,Email institucional,Directorio institucional confirma existencia del cargo de Director de Mercadeo pero sin nombre publicado.
Universidad Autónoma Latinoamericana (UNAULA),Colombia,unaula.edu.co,Universidad privada,B - Universidad privada presencial,,,procint.admisiones@unaula.edu.co,+57 604 511 2199,,https://www.unaula.edu.co/Contactenos,Email institucional,Sin nombre público de directivo de admisiones/mercadeo.
Corporación Universitaria Lasallista,Colombia,lasallista.edu.co,Institución universitaria,B - Universidad privada presencial,Claudia Patricia Sierra Castaño,Directora de Gestión de Admisiones y Registro,,,,https://site.lasallista.edu.co/conozca-al-equipo-de-admisiones-y-registro-academico/,Contacto nombrado,Publicado en la página oficial del equipo de Admisiones y Registro. También identificada Natalia Londoño Gil como Directora de Comunicaciones y Mercadeo (alterna).
Universidad de Medellín,Colombia,udemedellin.edu.co,Universidad privada,B - Universidad privada presencial,,,admisiones-registro@udemedellin.edu.co,+57 (604) 590 4500,,https://admisiones.udemedellin.edu.co/,Email institucional,Sin nombre público de directivo de admisiones/mercadeo.
Universidad CES,Colombia,ces.edu.co,Universidad privada del área de la salud,B - Universidad privada presencial,,,admisiones@ces.edu.co,4440555 ext. 1481/1303,,https://www.ces.edu.co/contacto-3/,Email institucional,Sin nombre público de directivo de admisiones/mercadeo.
Universidad Pontificia Bolivariana,Colombia,upb.edu.co,Universidad privada multicampus,B - Universidad privada presencial,,,,,,https://www.upb.edu.co/es/directivos,Sin contacto público,"Existe página de ""Directivos"" pero no se confirmó nombre específico para admisiones/mercadeo ni email general de admisiones (solo canales por programa/sede)."
Universidad EIA,Colombia,eia.edu.co,Universidad privada de ingeniería,B - Universidad privada presencial,,,admisiones@eia.edu.co,(604) 354 9090,,https://www.eia.edu.co/admisiones-eia/,Email institucional,Transparencia institucional lista cargos de Directora de Admisiones y Registro y Directora de Mercadeo pero sin nombres publicados.
Universidad Autónoma de Bucaramanga (UNAB),Colombia,unab.edu.co,Universidad privada,B - Universidad privada presencial,,,,(57) (607) 643 6111,,https://unab.edu.co/contactanos/,Sin contacto público,"Se hallaron menciones históricas de directores de mercadeo institucional (incl. posible Mónica Quintero, 2023) sin confirmación vigente ni email directo."
Universidad Santiago de Cali,Colombia,usc.edu.co,Universidad privada,B - Universidad privada presencial,,,,(+57 2) 518 3003,,https://admisionesusc.com.co/,Sin contacto público,Solo se hallaron líneas telefónicas de inscripciones/admisiones; sin nombre de directivo ni email institucional público confirmado.
Universidad Autónoma de Occidente,Colombia,uao.edu.co,Universidad privada,B - Universidad privada presencial,,,admisiones@uao.edu.co,(+57) 602 318 8000,,https://www.uao.edu.co/contacto/,Email institucional,Sin nombre público de directivo de admisiones/mercadeo.
Universidad Icesi,Colombia,icesi.edu.co,Universidad privada,B - Universidad privada presencial,,,admisiones@icesi.edu.co,+(602) 555 2334,,https://www.icesi.edu.co/contacto/admisiones-y-registro/,Email institucional,Sin nombre público de directivo de admisiones/mercadeo.
Universidad Simón Bolívar,Colombia,unisimon.edu.co,Universidad privada,B - Universidad privada presencial,,,admisiones.usb@unisimon.edu.co,3176651724,,https://www.unisimon.edu.co/,Email institucional,Sin nombre público de directivo de admisiones/mercadeo.
Universidad Autónoma del Caribe,Colombia,uac.edu.co,Universidad privada,B - Universidad privada presencial,,,david.cardenas19@uac.edu.co,+57 (605) 3853400,,https://www.uac.edu.co/canales-atencion/admisiones-y-registro/,Email institucional,Email de contacto de admisiones publicado por dependencia (primer ingreso/reingreso/transferencia); no se confirmó cargo directivo con nombre completo.
Universidad de Ibagué,Colombia,unibague.edu.co,Universidad privada,B - Universidad privada presencial,Johanna Saavedra Quevedo,Directora de Mercadeo y Comunicaciones,,,,https://rocketreach.co/universidad-de-ibague-marketing-department_b5d59facf42e3a53,Contacto nombrado,Universidad recientemente formalizó la Dirección de Mercadeo como dependencia independiente; email directo y LinkedIn no confirmados.
Universidad Metropolitana de Barranquilla,Colombia,unimetro.edu.co,Universidad privada del área de la salud,B - Universidad privada presencial,,,,PBX (57) (605) 3612001,,https://unimetro.edu.co/direccion/,Sin contacto público,No se localizó nombre de directivo de admisiones/mercadeo ni email institucional público específico.
Universidad Tecnológica de Bolívar,Colombia,utb.edu.co,Universidad privada,B - Universidad privada presencial,,,,,,https://www.utb.edu.co/la-utb/directivas/direccion-de-mercadeo-y-comunicaciones/,Sin contacto público,"Existe ""Dirección de Mercadeo y Comunicaciones"" confirmada pero sin nombre de titular publicado ni email institucional hallado."
Corporación Universitaria del Caribe (CECAR),Colombia,cecar.edu.co,Universidad privada,B - Universidad privada presencial,,,,,,https://cecar.edu.co/,Sin contacto público,"Se identificó vacante activa para un cargo comercial, sin titular ni email institucional público confirmado."
Universidad de Boyacá,Colombia,uniboyaca.edu.co,Universidad privada,B - Universidad privada presencial,,,,,,https://uniboyaca.edu.co/index.php/es/admisiones,Sin contacto público,"Existe ""Oficina de Comunicaciones y Mercadeo"" pero sin nombre de titular ni email institucional público confirmado."
Universidad CNCI,Mexico,https://cnci.edu.mx,"Universidad privada en línea (bachillerato, licenciatura, maestría)",A - Universidades privadas virtuales/a distancia,Carmen Bello,Coordinadora de Admisiones,,01 800 716 9945,https://mx.linkedin.com/in/carmen-bello-a01a2164,https://cnci.edu.mx/contacto/ ; https://mx.linkedin.com/in/carmen-bello-a01a2164,Contacto nombrado,"Top 3 universidad en línea privada de México (+20,000 alumnos); se localizó en LinkedIn a Carmen Bello con cargo de Coordinadora de Admisiones en Universidad CNCI; no se confirmó vigencia actual del puesto, validar antes de outreach."
UNIR México,Mexico,https://mexico.unir.net,Universidad privada 100% en línea (parte de Grupo Proeduca/UNIR España),A - Universidades privadas virtuales/a distancia,,,inscripciones@unirmexico.mx,,,https://mexico.unir.net/estudia-con-nosotros/como-inscribirse/,Email institucional,Filial mexicana de UNIR (España); correo de inscripciones publicado en sitio oficial. No se confirmó titular actual de Dirección Comercial/Admisiones México.
IEU Universidad,Mexico,https://ieu.edu.mx,"Universidad privada en línea y presencial (Puebla, Veracruz, Villahermosa)",A - Universidades privadas virtuales/a distancia,Alejandro Camacho,Director de Vinculación e Internacionalización,,,https://www.linkedin.com/in/alejandro-camacho-4b463023a/,LinkedIn,Contacto nombrado,"Rol adyacente (vinculación/convenios), no es titular exacto de admisiones/comercial; útil como punto de entrada, validar con contacto de admisiones antes de outreach."
Universidad ICEL,Mexico,https://icel.edu.mx,Universidad privada en línea (Campus Virtual) y presencial,A - Universidades privadas virtuales/a distancia,César Barraza,Rector,,,https://mx.linkedin.com/in/c%C3%A9sarbarraza,LinkedIn,Contacto nombrado,"Institución de tamaño medio (+100,000 egresados históricos); el Rector es la máxima autoridad y probable decisor de procesos comerciales."
On Aliat (Aliat Universidades - red en línea),Mexico,https://www.onaliat.mx,"Red universitaria privada con oferta en línea y presencial (7 instituciones, 28 campus, 13 estados)",A - Universidades privadas virtuales/a distancia,Patricia Garza Berlanga,"Gerente de Admisiones, Red Aliat Universidades",,,https://www.linkedin.com/in/patricia-garza-berlanga-70226255/,LinkedIn,Contacto nombrado,Contacto a nivel de red Aliat Universidades (que también opera ETAC y UVG de este listado); rol exactamente alineado al buyer persona.
IEXE Universidad,Mexico,https://www.iexe.edu.mx,"Universidad privada 100% en línea (psicología, educación, negocios)",A - Universidades privadas virtuales/a distancia,,,admisiones@iexe.edu.mx,,,https://www.iexe.edu.mx/admisiones/,Email institucional,Correo de admisiones publicado en sitio oficial; no se localizó nombre público de directivo.
Universidad Cuauhtémoc Campus Guadalajara,Mexico,https://www.ucg.edu.mx,"Universidad privada presencial (red multicampus: Aguascalientes, Guadalajara, Puebla, Querétaro, San Luis Potosí)",B - Universidades privadas presenciales,Javier Cantalapiedra Malpica,Rector,jcantalapiedra@ucg.edu.mx,(33) 3682 0550,https://www.linkedin.com/in/ucguadalajara/,https://www.ucg.edu.mx/conocenos/directorio ; https://www.zoominfo.com/p/Javier-Cantalapiedra/7650508762,Contacto nombrado,"Rector nombrado en directorio oficial del sitio, con correo y teléfono publicados. También existe un rol de Director Comercial mencionado en la página institucional de LinkedIn del campus, pero sin nombre público asociado; validar directamente."
Universidad Insurgentes (UIN),Mexico,https://universidadinsurgentes.edu.mx,"Universidad privada presencial e híbrida (25 campus en CDMX, Edomex y Guanajuato)",B - Universidades privadas presenciales,,,,55 5512 1212,,https://universidadinsurgentes.edu.mx/contacto/,Sin contacto público,"Institución de tamaño considerable (+23,000 alumnos); se localizó línea general de Asesores Educativos (55 5512 1212, también WhatsApp 56 1134 1564) pero no nombre de directivo de admisiones/comercial ni correo departamental."
Universidad Latina (ULA) Campus Cuernavaca,Mexico,https://ula.edu.mx,Universidad privada presencial,B - Universidades privadas presenciales,,,dudasadmision@ula.edu.mx,777 228 8200 ext. 8571,,https://ula.edu.mx/contactanos ; https://ula.edu.mx/admisiones,Email institucional,"Correo de admisiones publicado en sitio oficial de ULA (aplica a la red, incluye campus Cuernavaca); teléfono específico de admisiones del campus también localizado. No se confirmó titular de Dirección Comercial/Admisiones del campus."
Universidad Justo Sierra,Mexico,https://universidad-justosierra.edu.mx,"Universidad privada presencial (CDMX, multicampus)",B - Universidades privadas presenciales,,,,55 3827 6604,,https://universidad-justosierra.edu.mx/,Sin contacto público,Sólo se localizó teléfono general de admisiones del plantel Lázaro Cárdenas; sin nombre ni correo verificado.
Universidad Interamericana para el Desarrollo (UNID),Mexico,https://www.unid.edu.mx,"Universidad privada multisede (50 sedes en 24 estados), modalidades presencial/en línea",B - Universidades privadas presenciales,,,contacto@unid.mx,01 800 000 UNID,,https://universidadesdemexico.mx/universidades/universidad-interamericana-para-el-desarrollo ; https://www.unid.edu.mx,Email institucional,Correo institucional general y línea nacional publicados en sitio oficial; también existe correo específico para modalidad virtual (sevirtual@unid.mx). Red respaldada por Consorcio Educativo Anáhuac; no se localizó nombre público de directivo de admisiones/comercial.
Universidad ETAC,Mexico,https://www.etac.edu.mx,"Universidad privada presencial (5 campus en Edomex, CDMX e Hidalgo) y en línea",B - Universidades privadas presenciales,,,tlatelolco@universidadetac.edu.mx,01 800 112 5428,,https://www.etac.edu.mx/agenda-cita,Email institucional,Correo de admisiones específico del campus Tlatelolco (no se localizó correo corporativo único para los 5 campus); línea nacional de informes también disponible. Parte de la red Aliat Universidades; contacto de red disponible en fila 'On Aliat' (Patricia Garza Berlanga).
Universidad del Valle de Grijalva (UVG),Mexico,https://www.uvg.edu.mx,"Universidad privada presencial (Chiapas, Tabasco, Campeche, Veracruz), parte de red Aliat",B - Universidades privadas presenciales,,,tuxtla@uvg.edu.mx,800 1125 428,,https://www.uvg.edu.mx/campus,Email institucional,Correo de admisiones del campus Tuxtla Gutiérrez (no se localizó correo corporativo único para todos los campus). Parte de la red Aliat Universidades; contacto de red disponible en fila 'On Aliat' (Patricia Garza Berlanga).
Universidad Vasco de Quiroga,Mexico,https://www.uvaq.edu.mx,"Universidad privada presencial (Morelia, Michoacán)",B - Universidades privadas presenciales,,,informacion@uvaq.edu.mx,(443) 113 11 00,,https://www.uvaq.edu.mx/admisiones/,Email institucional,Correo y teléfono institucional publicados en sitio oficial; no se localizó nombre público de directivo de admisiones/comercial.
Centro de Estudios Universitarios Xochicalco,Mexico,https://www.xochicalco.edu.mx,"Universidad privada presencial (Tijuana, Ensenada, Mexicali - Baja California)",B - Universidades privadas presenciales,,,info@xochicalco.edu.mx,01 (800) 788-0692,,https://web.xochicalco.edu.mx/contactenos,Email institucional,"Correo institucional general publicado en sitio oficial; el campus Cuernavaca (bajo razón social relacionada CEUCX) tiene correo propio contacto@ceucx.edu.mx. Se identificó una vacante de Coordinador(a) de Marketing en campus Tijuana vía LinkedIn, sin nombre público asociado."
UNIVDEP (Universidad del Desarrollo Empresarial y Pedagógico),Mexico,https://www.univdep.edu.mx,"Universidad privada presencial (CDMX, 2 campus)",B - Universidades privadas presenciales,Jorge Enrique Pérez,Director de Posgrado,jorge.perez@univdep.edu.mx,(55) 5688 8315,,https://www.univdep.edu.mx/Contacto ; https://www.univdep.edu.mx/pdf/Gacetas/Gaceta_UNIVDEP_Numero_3.pdf,Contacto nombrado,"Rol adyacente (posgrado), no es titular exacto de admisiones/comercial; validar antes de outreach. Correo general de admisiones también disponible: aspirantes@univdep.edu.mx."
Grupo CEDVA,Mexico,https://www.grupocedva.com,"Instituto privado de formación para el trabajo (mecánica automotriz, gastronomía, belleza, bachillerato tecnológico; 40 planteles)",C - Institutos técnicos / formación para el trabajo,,,,800 890 0855,,https://www.grupocedva.com/,Sin contacto público,"Grupo educativo con 40 planteles y varias escuelas (ENG gastronomía, IMBI belleza); se localizó línea nacional de inscripciones (800 890 0855 / 55 5562 5613) pero no correo ni nombre de contacto comercial/admisiones."
Onmex Universidad,Mexico,https://onmex.mx,"Instituto privado de carreras técnicas y profesionales cortas 100% en línea (2-3 años, validez SEP)",C - Institutos técnicos / formación para el trabajo,,,,,,https://onmex.mx/contactanos/,Sin contacto público,Modelo de inscripción 100% en línea vía asesores (formulario de contacto); no se localizó correo ni nombre público de directivo.
Instituto de Carreras Técnicas y Preparatoria (ICT),Mexico,https://www.institutoict.com.mx,Instituto técnico privado y preparatoria,C - Institutos técnicos / formación para el trabajo,,,contacto@institutoict.com.mx,(662) 598-5500,,https://www.institutoict.com.mx/contactanos/,Email institucional,Correo y teléfono institucional publicados en sitio oficial (plantel Hermosillo); sin nombre público de directivo de admisiones/comercial.
EP de México,Mexico,https://www.epdemexico.lat,"Instituto privado de carreras técnicas/profesionales, multicampus",C - Institutos técnicos / formación para el trabajo,,,admissions.p@epdemexico.edu.mx,,,https://www.epdemexico.lat/contacto,Email institucional,Correo de admisiones localizado (admissions.p@epdemexico.edu.mx); también existe correo administrativo general (d.administrativa@epdemexico.edu.mx). Sin nombre público de directivo.
ITAEM,Mexico,https://www.itaem.mx,Instituto técnico privado (Técnico en Enfermería y otras carreras técnicas),C - Institutos técnicos / formación para el trabajo,,,informes@itaem.mx,,,https://www.itaem.mx/contacto.aspx,Email institucional,Correo de informes/inscripción publicado en sitio oficial; inscripción gestionada también vía WhatsApp. Sin nombre público de directivo de admisiones/comercial.
Harmon Hall,Mexico,https://www.harmonhall.com,"Academia de idiomas (inglés), franquicia nacional",D - Academias de idiomas,,,atencion.alumnos-hhonline@harmonhall.edu.mx,800 422 5292,,https://www.harmonhall.com/contacto ; https://lll.harmonhall.com/pages/informes,Email institucional,"Correo de atención a alumnos (modalidad online) y línea nacional publicados; cadena nacional de academias de inglés, no se localizó correo corporativo único de admisiones ni nombre público de directivo comercial a nivel nacional."
Quick Learning,Mexico,https://www.quicklearning.com,"Academia de idiomas (inglés), franquicia nacional",D - Academias de idiomas,,,,55 5803 5000,,https://www.quicklearning.com/index.php/contacto,Sin contacto público,"Cadena nacional de academias de inglés; se localizó línea telefónica general (55 5803 5000, también WhatsApp) pero no correo ni nombre público de directivo comercial/admisiones a nivel nacional."
The Anglo Academy,Mexico,https://theangloacademy.mx,Academia de inglés presencial (30+ años de experiencia),D - Academias de idiomas,,,,55 3000 1850,,https://theangloacademy.mx/contacto/,Sin contacto público,"Se localizó línea telefónica general (55 3000 1850, también 800-11-ANGLO) y un correo específico para becarios del programa UAM (becarios.uam@theanglo.mx, no aplica como contacto general); sin nombre público de directivo de admisiones/comercial."
Linguatec,Mexico,https://www.linguatec.mx,"Academia de idiomas (inglés, mandarín, italiano, portugués, japonés, alemán, francés; 15+ sedes)",D - Academias de idiomas,,,info@linguatec.com.mx,33 1990 8290,,https://www.linguatec.com.mx/Contacto/,Email institucional,Correo y teléfono institucional publicados en sitio oficial; sin nombre público de directivo de admisiones/comercial.
IMAC Inglés Total,Mexico,https://www.imacinglestotal.com,"Academia de inglés, modelo de franquicia (zona metropolitana de Guadalajara, 40+ años)",D - Academias de idiomas,,,,,,https://www.imacinglestotal.com/,Sin contacto público,Sin nombre público de directivo de admisiones/comercial ni correo departamental localizado.
Kodemia,Mexico,https://kodemia.mx,"Bootcamp de programación (JavaScript full stack, UI/UX)",E - Edtech y bootcamps,,,info@kodemia.mx,,,https://kodemia.mx/,Email institucional,Correo institucional general publicado en sitio oficial; sin nombre público de directivo comercial/admisiones.
Ironhack México,Mexico,https://www.ironhack.com,Bootcamp internacional de programación/UX/Data con campus en CDMX,E - Edtech y bootcamps,,,mexico@ironhack.com,,,https://www.ironhack.com/mx,Email institucional,Correo institucional de la operación México publicado en fuentes secundarias; sin nombre público de directivo comercial/admisiones para México.
Le Wagon México,Mexico,https://www.lewagon.com/mexico,Bootcamp internacional de programación con operación en México,E - Edtech y bootcamps,,,,,,https://www.lewagon.com/mexico,Sin contacto público,Sin nombre público de directivo comercial/admisiones para la operación México; solo formularios de contacto/aplicación disponibles.
4Geeks Academy México,Mexico,https://4geeksacademy.com/en/location/mexicocity-mexico,"Bootcamp internacional (desarrollo, datos, IA) con campus en CDMX",E - Edtech y bootcamps,,,,+1 (786) 416-6640,,https://4geeks.com/en/contact-us,Sin contacto público,Sólo se localizó línea telefónica internacional general (no específica de México); sin nombre público de directivo comercial/admisiones para la operación México.
ASPIC Escuela de Gastronomía,Mexico,https://aspic.edu.mx,Escuela especializada de alto ticket - gastronomía estilo europeo (21+ años),F - Escuelas especializadas de alto ticket,,,,7035 7674,,https://aspic.edu.mx/nosotros/,Sin contacto público,Sólo se localizó teléfono general; sin correo ni nombre público de directivo comercial/admisiones.
Instituto Culinario de México (ICUM),Mexico,https://icum.edu.mx,Escuela de gastronomía de alto ticket,F - Escuelas especializadas de alto ticket,,,admisiones@icum.edu.mx,(222) 266-1690,,https://icum.edu.mx/,Email institucional,Correo de admisiones del campus Puebla; el campus Monterrey tiene correo propio (admisiones.monterrey@icum.edu.mx). Sin nombre público de directivo comercial/admisiones.
iFashion Escuela de Diseño de Modas,Mexico,https://www.ifashion.edu.mx,"Escuela especializada de alto ticket - diseño de modas (CDMX, 30 años, RVOE SEP)",F - Escuelas especializadas de alto ticket,,,escolar@ifashion.edu.mx,55 4328 0091,,https://www.ifashion.edu.mx/,Email institucional,Correo y teléfono institucional publicados en fuentes secundarias; sin nombre público de directivo comercial/admisiones.
Aerocapacitación Escuela de Aviación,Mexico,https://aerocapacitacion.com,"Escuela de aviación de alto ticket (piloto, sobrecargo, TMC1)",F - Escuelas especializadas de alto ticket,,,admisiones@aerocapacitacion.com,+52 411 140 5379,,https://aerocapacitacion.com/admisiones/,Email institucional,Correo de admisiones publicado en sitio oficial; sin nombre público de directivo comercial.
Instituto Cosmetológico de México (ICMEX),Mexico,https://www.icmex.edu.mx,Escuela de belleza/cosmetología de alto ticket,F - Escuelas especializadas de alto ticket,,,,993 131 4088,,https://icosmetologico.com/contacto,Sin contacto público,Sólo se localizó teléfono de recepción del campus Villahermosa; sin correo ni nombre público de directivo comercial/admisiones.
Instituto de Especialización para Ejecutivos (IEE),Mexico,https://www.iee.edu.mx,"Escuela de negocios / educación continua (posgrados fiscal, financiero, empresarial; presencia en 42 ciudades)",G - Escuelas de negocio y educación continua,,,,,,https://www.iee.edu.mx/contacto/,Sin contacto público,"50 años de historia y +500,000 profesionales capacitados; sin correo departamental ni nombre público de directivo comercial/admisiones confirmado (la página de contacto redirige por campus sin mostrar datos directos)."
ISDI México,Mexico,https://www.isdi.education/en/locations/mexico,Escuela de negocios digital / educación ejecutiva (CDMX),G - Escuelas de negocio y educación continua,,,admisiones@mexico.isdi.education,,,https://isdi.com.mx/contacto,Email institucional,Correo de admisiones publicado en sitio oficial; sin nombre público de directivo comercial/admisiones para la operación México.
Unitips,Mexico,https://www.unitips.mx,"Edtech de preparación para examen de admisión universitaria (EXANI, UNAM, IPN, UAM)",H - Preparación de pruebas y preuniversitario,,,ventas@unitips.mx,+52 (55) 4335-0745,,https://info.unitips.mx/contacto,Email institucional,Correo de ventas/informes publicado en sitio oficial (línea con opción de Ventas y Soporte); sin nombre público de directivo comercial/admisiones.
Misión Admisión,Mexico,https://www.misionadmision.com,"Plataforma de preparación para exámenes de admisión (CENEVAL, EXANI I/II, PAA, College Board)",H - Preparación de pruebas y preuniversitario,,,contacto@misionadmision.com,(999) 923 5589,,https://www.misionadmision.com/contacto.html,Email institucional,Correo y teléfono institucional publicados en sitio oficial; sin nombre público de directivo comercial/admisiones.
Propedéutica 360°,Mexico,https://cursosp.mx,"Curso propedéutico/preuniversitario (UNAM, IPN, EXCOBA)",H - Preparación de pruebas y preuniversitario,,,informes@cursosp.mx,+52 55 1499 2530,,https://cursosp.mx/universidad.html,Email institucional,Correo y teléfono institucional publicados en sitio oficial; sin nombre público de directivo comercial/admisiones.
Universidad UNIACC,Chile,https://www.uniacc.cl,Universidad privada online,A. Universidades privadas online/a distancia,,,admision@uniacc.cl,+56 2 2640 6000,,https://www.uniacc.cl/admision/,Email institucional,Email de admisión publicado en sitio oficial; sin nombre de directivo verificado.
UNIR Chile (Universidad Internacional de La Rioja),Chile,https://chile.unir.net,Universidad privada online (extranjera con operación en Chile),A. Universidades privadas online/a distancia,,,info@unir.net,+34 941 209 743,,https://chile.unir.net/,Email institucional,Email de contacto global publicado; operación específica de Chile no publica staff local con nombre.
Universidad Autónoma de Chile,Chile,https://www.uautonoma.cl,Universidad privada (oferta online y presencial),A. Universidades privadas online/a distancia,Esteban Barahona Jiménez,Director Comercial y de Gestión de Procesos de Postgrados,,,https://cl.linkedin.com/in/esteban-barahona-jim%C3%A9nez-51b725149,LinkedIn (búsqueda site:linkedin.com),Contacto nombrado,Título y nombre confirmados en LinkedIn; email no publicado públicamente (no se adivinó).
UANDES Online (Universidad de los Andes - educación continua online),Chile,https://uandesonline.cl,Universidad privada - unidad online de educación continua,A. Universidades privadas online/a distancia,Jaime Cerda,Sub Director Comercial y Admisión,,,https://www.linkedin.com/in/jaime-cerda-559903144/,LinkedIn / ZoomInfo,Contacto nombrado,"Nombre y cargo confirmados en LinkedIn; email listado en fuentes de terceros aparece parcialmente enmascarado, no se confirmó texto completo por lo que se omite."
Universidad de Las Américas (UDLA),Chile,https://www.udla.cl,Universidad privada tradicional/presencial,B. Universidades tradicionales y privadas presenciales,,,servicio.estudiante@udla.cl,800 242 800,,https://admision.udla.cl/,Email institucional,Email de servicio al estudiante/admisión publicado en sitio oficial.
Universidad Central de Chile,Chile,https://www.ucentral.cl,Universidad privada tradicional/presencial,B. Universidades tradicionales y privadas presenciales,,,admision@ucentral.cl,600 582 2222,,https://admision.ucentral.cl/,Email institucional,Email de admisión publicado en sitio oficial.
Universidad Bernardo O'Higgins (UBO),Chile,https://www.ubo.cl,Universidad privada tradicional/presencial,B. Universidades tradicionales y privadas presenciales,,,admision@ubo.cl,600 366 5555,,https://admision.ubo.cl/contacto/,Email institucional,Email de admisión publicado en sitio oficial.
Universidad Gabriela Mistral (UGM),Chile,https://www.ugm.cl,Universidad privada tradicional/presencial,B. Universidades tradicionales y privadas presenciales,,,admision@ugm.cl,+56 600 401 0060,,https://www.ugm.cl/,Email institucional,Email de admisión publicado en sitio oficial.
Universidad SEK Chile,Chile,https://usek.cl,Universidad privada tradicional/presencial,B. Universidades tradicionales y privadas presenciales,,,admision@usek.cl,+56 9 7695 7571,,https://usek.cl/,Email institucional,Email de admisión publicado en sitio oficial.
Universidad Viña del Mar (UVM),Chile,https://www.uvm.cl,Universidad privada tradicional/presencial,B. Universidades tradicionales y privadas presenciales,Vanessa Valdés Ossandón,Contacto de Admisión (Postgrados),vanessa.valdes@uvm.cl,+56 32 246 2737,,Sitio oficial UVM / directorio de contacto de postgrados,Contacto nombrado,"Nombre, cargo y email publicados como contacto de admisión de postgrado."
AIEP (Instituto Profesional AIEP),Chile,https://www.aiep.cl,Instituto Profesional,C. Institutos Profesionales (IP) y Centros de Formación Técnica (CFT),Andrés Aguayo,Coordinador de Admisión y Difusión,,600 450 1500,,ZoomInfo (perfil profesional con cargo confirmado en AIEP),Contacto nombrado,"Nombre y cargo listados en fuente de terceros; email publicado aparece enmascarado y no se confirmó, se omite."
Duoc UC,Chile,https://www.duoc.cl,Instituto Profesional,C. Institutos Profesionales (IP) y Centros de Formación Técnica (CFT),,,admisionduocuc@duoc.cl,+56 2 2712 0640,,https://www.duoc.cl/admision/,Email institucional,Email de admisión publicado en sitio oficial.
INACAP,Chile,https://portal.inacap.cl,Instituto Profesional / CFT,C. Institutos Profesionales (IP) y Centros de Formación Técnica (CFT),,,informaciones@inacap.cl,800 20 25 20,,https://portal.inacap.cl/admision/contactos-de-admision,Email institucional,Email general de admisión; también existen correos por sede.
Instituto Profesional Los Leones,Chile,https://ipleones.cl,Instituto Profesional,C. Institutos Profesionales (IP) y Centros de Formación Técnica (CFT),Ana Elisa Gómez Morales,Directora de Admisión y Comunicaciones,admision@ipleones.cl,+56 2 2652 1200,,ZoomInfo + sitio oficial ipleones.cl,Contacto nombrado,Nombre y cargo confirmados en fuente de terceros; email corresponde a casilla institucional de admisión.
Instituto Profesional IPLACEX,Chile,https://www.iplacex.cl,Instituto Profesional,C. Institutos Profesionales (IP) y Centros de Formación Técnica (CFT),Yajaira Juliac,Ejecutiva de Admisión,yjuliac@iplacex.cl,+56 9 8616 8957,,Directorio de contacto de admisión publicado en fuentes de terceros,Contacto nombrado,"Nombre, cargo, teléfono y email de admisión encontrados publicados."
Instituto Profesional IACC,Chile,https://www.iacc.cl,Instituto Profesional (100% online),C. Institutos Profesionales (IP) y Centros de Formación Técnica (CFT),,,admision@iacc.cl,+56 22 606 2000,,https://www.iacc.cl/admision/,Email institucional,Email de admisión publicado en sitio oficial.
Instituto Profesional Santo Tomás,Chile,https://www.ipsantotomas.cl,Instituto Profesional,C. Institutos Profesionales (IP) y Centros de Formación Técnica (CFT),,,admision.sanjoaquin@santotomas.cl,600 360 0010,,https://www.ipsantotomas.cl/sedes/sede-online/contacto/,Email institucional,Correos de admisión publicados por sede (se usa sede San Joaquín como referencia); no se identificó directivo nacional nombrado públicamente.
CFT Juan Bohon (La Serena),Chile,https://juanbohon.cl,Centro de Formación Técnica,C. Institutos Profesionales (IP) y Centros de Formación Técnica (CFT),,,,,,https://juanbohon.cl/admision-2026/,Sin contacto público,"Admisión se gestiona vía formulario web; no se encontró email de admisión ni nombre de directivo publicado (solo email de recaudación, no aplicable)."
CEDUC UCN (Centro de Formación Técnica),Chile,https://www.ceduc.cl,Centro de Formación Técnica,C. Institutos Profesionales (IP) y Centros de Formación Técnica (CFT),,,coordinacionadmision.antofagasta@ceduc.cl,(55) 2243020,,https://www.ceduc.cl/,Email institucional,Correos de admisión publicados por sede; se usa sede Antofagasta como referencia (casa matriz).
Berlitz Chile,Chile,https://www.berlitz.com/es-cl,Academia de idiomas,D. Academias de idiomas,,,,,,https://www.berlitz.com/es-cl/,Sin contacto público,No se encontró email ni nombre de directivo publicado; solo formulario de contacto en sitio oficial.
Instituto Chileno Norteamericano de Cultura,Chile,https://norteamericano.cl,Academia de idiomas,D. Academias de idiomas,,,contacto@norteamericano.cl,+56 2 3210 8280,,https://www.chilenonorteamericano.cl/contacto/,Email institucional,Email de contacto general publicado en sitio oficial.
Instituto Profesional Chileno Británico de Cultura,Chile,https://www.britanico.cl,Academia de idiomas / Instituto Profesional,D. Academias de idiomas,,,admision@ipbritanico.cl,+56 2 2413 2044,,https://admision.ipbritanico.cl/contacto,Email institucional,Email de admisión publicado en sitio oficial (rama Instituto Profesional Chileno Británico).
Instituto Chileno Suizo de Idiomas y Cultura,Chile,https://chilenosuizo.cl,Academia de idiomas,D. Academias de idiomas,,,info@chilenosuizo.cl,+56 9 7859 4195,,https://chilenosuizo.cl/,Email institucional,Email general publicado en sitio oficial; se menciona a Armin Weissen como referente de la institución pero sin cargo/título verificado públicamente.
Vamos English Academy,Chile,https://vamospanish.com,Academia de idiomas,D. Academias de idiomas,,,,,,https://vamospanish.com/,Sin contacto público,No se encontró email de contacto ni nombre de directivo publicado.
4Geeks Academy Chile,Chile,https://4geeksacademy.com/es/coding-campus/bootcamp-programacion-santiago,Bootcamp de programación,E. Edtech y bootcamps,,,,,,https://4geeksacademy.com/es/coding-campus/bootcamp-programacion-santiago,Sin contacto público,Se identificó que existe un Country Manager para Chile pero no se encontró su nombre público; sin email institucional local verificado.
Le Wagon Santiago,Chile,https://www.lewagon.com/santiago,Bootcamp de programación,E. Edtech y bootcamps,,,,,,https://www.lewagon.com/santiago,Sin contacto público,No se encontró email de contacto local ni nombre de directivo publicado.
Coderhouse,Chile,https://www.coderhouse.com,Bootcamp / Edtech (cursos online),E. Edtech y bootcamps,,,contacto@coderhouse.com,,,https://www.coderhouse.com/empresas/contactanos,Email institucional,"Email de contacto general de la compañía (operación regional LatAm, incluye Chile); no se encontró contacto específico de Chile."
Desafío Latam,Chile,https://desafiolatam.com,Bootcamp de programación,E. Edtech y bootcamps,Diego Arias Gómez,Fundador,,,https://www.linkedin.com/in/godiegoarias/,LinkedIn,Contacto nombrado,Fundador confirmado en LinkedIn y notas de prensa sobre la empresa; email no publicado.
TripleTen Chile,Chile,https://tripleten.com,Bootcamp / Edtech (online),E. Edtech y bootcamps,,,,,,https://tripleten.com/,Sin contacto público,No se encontró email de contacto local ni nombre de directivo publicado para la operación en Chile.
Instituto Gastronómico Internacional (IGI Chile),Chile,https://www.igichile.cl,Escuela especializada (gastronomía),F. Escuelas especializadas de alto ticket,,,,,,https://www.igichile.cl/quienes-somos,Sin contacto público,Solo se ofrece formulario de contacto web; no se encontró email de admisión ni nombre de directivo publicado.
Escuela Culinaria Francesa (Ecole),Chile,https://escuelaculinaria.cl,Escuela especializada (gastronomía),F. Escuelas especializadas de alto ticket,Carmen Castro,Rectora,admision@escuelaculinaria.cl,+56 2 2206 9720,,ZoomInfo (cargo) + sitio oficial (email institucional),Contacto nombrado,Nombre y cargo de Rectora encontrados en fuente de terceros; email corresponde a casilla institucional de admisión.
Instituto Crearte (Diseño de Moda),Chile,https://institutocrearte.cl,Escuela especializada (diseño de moda),F. Escuelas especializadas de alto ticket,Patricia Romero Baeza,Directora del Programa de Diseño de Moda,,+56 2 2400 9413,,https://institutocrearte.cl/htm/moda.html,Contacto nombrado,Nombre y cargo publicados en sitio oficial; no se encontró email personal publicado.
Academia de Vuelo Golden Eagle,Chile,https://goldeneagle.cl,Escuela especializada (aviación / piloto comercial),F. Escuelas especializadas de alto ticket,,,,+56 9 9645 1154,,https://goldeneagle.cl/contacto-iniciales-y-pilotos/,Sin contacto público,Solo se publican teléfonos y formulario de contacto; no se encontró email ni nombre de directivo.
Pegasus Blue (Centro de Formación Aeronáutica),Chile,https://pegasusblue.cl,Escuela especializada (aviación / piloto comercial),F. Escuelas especializadas de alto ticket,,,,,,https://pegasusblue.cl/,Sin contacto público,No se encontró email ni nombre de directivo publicado en la búsqueda inicial.
Instituto John Kennedy,Chile,https://www.institutokennedy.cl,Escuela especializada (belleza/estética),F. Escuelas especializadas de alto ticket,,,Info@institutokennedy.cl,+56 2 3637700,,https://www.institutokennedy.cl/contacto,Email institucional,Email de contacto general publicado en sitio oficial.
Escuela de Cosmetología y Estética Integral Eva Berndt - Dr. Fontboté,Chile,https://www.escuelacosmetologiabf.cl,Escuela especializada (belleza/estética),F. Escuelas especializadas de alto ticket,,,,,,https://www.escuelacosmetologiabf.cl/,Sin contacto público,No se encontró email de contacto ni nombre de directivo publicado en la búsqueda inicial.
ESE Business School (Universidad de los Andes),Chile,https://www.ese.cl,Escuela de negocios / educación ejecutiva,G. Escuelas de negocio y educación continua / MBA,Karin Jürgensen,Directora,,,,Wikipedia (ESE Business School at Universidad de los Andes),Contacto nombrado,"Nombre y cargo de dirección referenciados en fuente enciclopédica; email no publicado, se recomienda verificar cargo exacto vigente antes de contactar."
Universidad Adolfo Ibáñez - Escuela de Negocios (UAI Business School),Chile,https://negocios.uai.cl,Escuela de negocios / MBA,G. Escuelas de negocio y educación continua / MBA,,,,,,https://negocios.uai.cl,Sin contacto público,No se encontró email de admisión ni nombre de directivo publicado en la búsqueda inicial.
OBS Business School (Chile),Chile,https://www.obsbusiness.school,Escuela de negocios online / MBA,G. Escuelas de negocio y educación continua / MBA,,,,,,https://www.obsbusiness.school/en/contact,Sin contacto público,Escuela de negocios online con alumnado en Chile; no se encontró contacto ni staff específico de Chile publicado.
Cpech (Preuniversitario),Chile,https://www.cpech.cl,Preuniversitario / preparación PAES,H. Preparación de pruebas y preuniversitario,Marcelo Vilugrón,Contacto Comercial (sedes Osorno/Conchalí),,227224100,,https://www.mercantil.com/empresa/preuniversitario-cepech/,Contacto nombrado,"Nombre y rol comercial regional encontrados en directorio de terceros; email no publicado, se omite."
Preuniversitario Pedro de Valdivia,Chile,https://www.preupdv.cl,Preuniversitario / preparación PAES,H. Preparación de pruebas y preuniversitario,Jesús Madariaga,Contacto Comercial,contacto@pedrodevaldivia.cl,(2) 2549 8700,,https://www.preupdv.cl/contacto,Contacto nombrado,Nombre listado como contacto comercial en directorio de terceros; email corresponde a casilla institucional general publicada en sitio oficial.
Preuniversitario Filadd,Chile,https://filadd.cl,Preuniversitario online / edtech,H. Preparación de pruebas y preuniversitario,Joaquín Olmedo,CEO y Cofundador,,,,"Notas de prensa (iproup.com, comercioyjusticia.info) sobre fundadores de Filadd",Contacto nombrado,"Startup de origen argentino con operación activa en Chile; fundador confirmado en prensa especializada, email no publicado."
